<?xml version="1.0" encoding="UTF-8" ?>
<phpdoc>
    <title>Universal payments API PHP SDK</title>
    <parser>
        <target>build</target>
        <markers>
            <item>TODO</item>
            <item>FIXME</item>
        </markers>
        <extensions>
            <extension>php</extension>
        </extensions>
        <visibility></visibility>
    </parser>
    <transformer>
        <target>docs</target>
    </transformer>
    <files>
        <directory>src</directory>
        <ignore>test/*</ignore>
    </files>
</phpdoc>
